{"stats":{"minecraft:picked_up":{"minecraft:lilac":1,"minecraft:leather":4,"minecraft:beef":8,"minecraft:oak_log":7,"minecraft:spruce_log":1},"minecraft:used":{"minecraft:oak_log":3,"minecraft:wooden_axe":16,"minecraft:crafting_table":1,"minecraft:spruce_planks":4},"minecraft:crafted":{"minecraft:oak_planks":16,"minecraft:crafting_table":1,"minecraft:spruce_planks":4,"minecraft:stick":4,"minecraft:wooden_axe":1},"minecraft:custom":{"minecraft:time_since_rest":8982,"minecraft:crouch_one_cm":101,"minecraft:play_time":8982,"minecraft:sprint_one_cm":23460,"minecraft:damage_taken":240,"minecraft:walk_one_cm":10098,"minecraft:sneak_time":74,"minecraft:mob_kills":5,"minecraft:jump":148,"minecraft:leave_game":1,"minecraft:damage_dealt":500,"minecraft:time_since_death":8982,"minecraft:total_world_time":8982,"minecraft:interact_with_crafting_table":1,"minecraft:fall_one_cm":7195,"minecraft:fly_one_cm":39798},"minecraft:killed":{"minecraft:cow":5},"minecraft:mined":{"minecraft:oak_log":7,"minecraft:lilac":2,"minecraft:spruce_leaves":1,"minecraft:spruce_log":1,"minecraft:oak_leaves":4}},"DataVersion":3465}